{
    "rf": {
        "regression": {
            "rmse": 0.0022096955116659655,
            "mae": 0.0009594530007995414,
            "r2": 0.0736728407303272
        },
        "classification": {
            "auc": 0.7921585393379182,
            "accuracy": 0.8594432864923015,
            "precision": 0.1854033290653009,
            "recall": 0.419953596287703,
            "f1": 0.2572392965002665,
            "report": {
                "0": {
                    "precision": 0.9613018072056035,
                    "recall": 0.8864820498180002,
                    "f1-score": 0.9223771420084288,
                    "support": 28022.0
                },
                "1": {
                    "precision": 0.1854033290653009,
                    "recall": 0.419953596287703,
                    "f1-score": 0.2572392965002665,
                    "support": 1724.0
                },
                "accuracy": 0.8594432864923015,
                "macro avg": {
                    "precision": 0.5733525681354522,
                    "recall": 0.6532178230528516,
                    "f1-score": 0.5898082192543477,
                    "support": 29746.0
                },
                "weighted avg": {
                    "precision": 0.9163327701480535,
                    "recall": 0.8594432864923015,
                    "f1-score": 0.8838275001857948,
                    "support": 29746.0
                }
            }
        }
    },
    "xgb": {
        "regression": {
            "rmse": 0.0021749049048771316,
            "mae": 0.0009697800103211271,
            "r2": 0.10261237612752849
        },
        "classification": {
            "auc": 0.7746058118737001,
            "accuracy": 0.92187184831574,
            "precision": 0.19879518072289157,
            "recall": 0.1148491879350348,
            "f1": 0.14558823529411766,
            "report": {
                "0": {
                    "precision": 0.9469217391304348,
                    "recall": 0.9715223752765684,
                    "f1-score": 0.9590643274853801,
                    "support": 28022.0
                },
                "1": {
                    "precision": 0.19879518072289157,
                    "recall": 0.1148491879350348,
                    "f1-score": 0.14558823529411766,
                    "support": 1724.0
                },
                "accuracy": 0.92187184831574,
                "macro avg": {
                    "precision": 0.5728584599266632,
                    "recall": 0.5431857816058016,
                    "f1-score": 0.5523262813897488,
                    "support": 29746.0
                },
                "weighted avg": {
                    "precision": 0.9035622895676496,
                    "recall": 0.92187184831574,
                    "f1-score": 0.9119173906556304,
                    "support": 29746.0
                }
            }
        }
    },
    "hybrid": {
        "regression": {
            "rmse": 0.002206917464913867,
            "mae": 0.0011059584069041597,
            "r2": 0.0760005483313283
        },
        "classification": {
            "auc": 0.7627866160346999,
            "accuracy": 0.9300746318832784,
            "precision": 0.20234113712374582,
            "recall": 0.07018561484918794,
            "f1": 0.10422049956933678,
            "report": {
                "0": {
                    "precision": 0.9450048030739674,
                    "recall": 0.9829776604096782,
                    "f1-score": 0.9636172817911492,
                    "support": 28022.0
                },
                "1": {
                    "precision": 0.20234113712374582,
                    "recall": 0.07018561484918794,
                    "f1-score": 0.10422049956933678,
                    "support": 1724.0
                },
                "accuracy": 0.9300746318832784,
                "macro avg": {
                    "precision": 0.5736729700988566,
                    "recall": 0.526581637629433,
                    "f1-score": 0.533918890680243,
                    "support": 29746.0
                },
                "weighted avg": {
                    "precision": 0.9019619684038207,
                    "recall": 0.9300746318832784,
                    "f1-score": 0.9138089024275237,
                    "support": 29746.0
                }
            }
        }
    }
}